,A,B,C,D
2000-01-01,-1.2931687906075713,0.48276970591911544,0.3509455906225569,-0.40428577028160373
2000-01-02,-2.171226995349504,-1.3821192067986339,0.047772071757561596,-0.2750582040043653
2000-01-03,-2.7745212654923472,-2.625075980976439,0.4621439194130445,1.7489426446675127
2000-01-04,-2.8438388733732123,-3.4201842206555613,-0.49210776632031067,1.6885877842187367
2000-01-05,-1.045326677136016,-3.569868851003047,-1.9226584744775779,0.9493728866093762
2000-01-06,-0.918297769349388,-3.7560271237848264,-0.5769980385059088,-0.43876077645687506
2000-01-07,-0.02634144575074493,-4.164190461477163,0.5214281209780349,0.5254980471830693
2000-01-08,0.09072882030945194,-4.04797947328757,1.9017225860934763,1.5107442022608897
2000-01-09,-1.442541498154138,-5.017526640726922,2.9176606839708574,1.0111221040591996
2000-01-10,-1.8703134413692548,-5.181472418409909,2.2002985501334105,1.6388355919414144
2000-01-11,-2.780483882452568,-6.481764619507821,0.5151943538146526,1.386671925222895
2000-01-12,-3.168703564268079,-6.601015155927781,0.3848628581405138,2.024239748884595
2000-01-13,-2.5874135815470094,-4.936345330280801,1.0296941000317896,4.667750834158968
2000-01-14,-0.9610226453033537,-5.710005614398155,0.24004428315888848,5.5086241764911295
2000-01-15,-1.026924563219685,-5.580964240495104,-1.1673242607152512,4.022747621814761
2000-01-16,-2.92990342971542,-3.856795029607267,-0.44790824568382825,5.660309304199673
2000-01-17,-2.317899118873775,-3.6820011485900186,0.27899080778238683,5.347559224239641
2000-01-18,-1.9333092333541047,-5.327514754488549,0.13914684177254855,3.4970784391851195
2000-01-19,-2.274314396548035,-4.9645591032209255,-0.05496076570325048,3.062947217122512
2000-01-20,-1.378622413465138,-5.617482691977851,-0.49123437620816346,3.0407901959669594
2000-01-21,-1.9377600622821765,-6.736007126157851,0.14633788589795615,2.3209021051603584
2000-01-22,-1.061975151675184,-6.215350508228337,0.14220325207630752,0.7396609806768548
2000-01-23,-1.0370166725992769,-5.647508713055942,0.06885117517592722,0.24899553827045873
2000-01-24,-0.4682214762402789,-6.289398206531077,-0.7117650130853942,0.8162880872839573
2000-01-25,-1.4238262313024501,-5.226033779222889,-0.4158500521867047,2.531946257447068
2000-01-26,-2.428061742841801,-5.2997925721506665,-0.43896889550828705,4.5873250546595505
2000-01-27,-2.452080418143959,-6.249006012915045,-2.3401618812836906,3.1951305574365656
2000-01-28,-4.06364530750601,-7.859652438168667,-0.45920700516353974,3.333299806499564
2000-01-29,-4.749325269831807,-8.917065189092826,-0.6651643106796538,5.070873492927988
2000-01-30,-4.578714970567258,-7.579777305817579,-1.6707502092445536,6.427725546054299
2000-01-31,-4.264202855557962,-6.014032031095919,-0.8602805505403045,5.718654969862252
2000-02-01,-3.5184006865805584,-4.0095870803733495,-1.081487879064618,5.577483415380316
2000-02-02,-5.0714012044876355,-3.64331075632562,-2.291381812401453,6.585247589889289
2000-02-03,-4.111241825609181,-1.7318949802241017,-1.886747963484296,7.804768685846371
2000-02-04,-3.7293598222294277,-1.3387005226276996,-1.3012518481450674,7.4041848178992895
2000-02-05,-4.172399864577091,-1.477302329263366,-2.433008049228932,7.618894745729315
2000-02-06,-2.8211568497314525,-1.5958541665814048,-3.074101590631733,6.982638549012237
2000-02-07,-2.914279076289725,-1.4469087204244178,-2.4912488120506477,5.943031715925571
2000-02-08,-2.8557594536425337,-1.6519734376957818,-2.299949204900784,7.142794265302856
2000-02-09,-4.218397819773678,-1.199982321507401,-1.2688378329434673,6.300235159784525
2000-02-10,-5.387834847330154,-0.5478754596728436,-2.4975831271474855,6.558560981374307
2000-02-11,-6.2183817927885165,-0.4809119537607272,-3.538321857108922,6.647400007194712
2000-02-12,-5.78553769230041,-1.924273919528688,-3.162481744784882,7.587989638096532
2000-02-13,-4.268702730957193,-1.982692873063713,-3.7563597136616416,6.210533880342507
2000-02-14,-3.9800089045128737,-2.526017653328143,-2.6673119178837954,6.704031581556383
2000-02-15,-3.7021871527613386,-1.4986715243165853,-2.7851467365315514,8.50147560007725
2000-02-16,-2.9933063754292006,-1.055718617650949,-2.0605242318311916,9.559674398501045
2000-02-17,-1.573446195667827,-0.1946809092416656,-4.031942848138868,9.904532025172138
2000-02-18,-0.38593437764892724,0.9743335114399033,-4.408367577818365,8.83480772827119
2000-02-19,0.06371091655736388,1.0332769294025326,-4.7165790899537985,8.33619263563622
2000-02-20,-0.769331356521743,2.301031375892922,-4.7850539344040195,7.4631060913871705
2000-02-21,0.27411630951041577,1.6178206171979825,-2.938935264788552,7.708504890245553
2000-02-22,-0.6424644965641182,2.659773308975004,-3.6479664823166775,6.667232316270015
2000-02-23,0.15945635393454916,0.4335420772293537,-3.2883422409463847,5.508515116758097
2000-02-24,0.9396374110577456,-0.08099919025524172,-3.0443460605239494,5.81487821843668
2000-02-25,0.3320564661059282,-0.7108331983248611,-4.170090094129346,5.83112600281617
2000-02-26,-1.1311769472177815,-0.9027947587684859,-3.1417342870516443,4.43521001360183
2000-02-27,-0.960062614425767,-2.534581310578968,-2.340977371104729,6.074893567045173
2000-02-28,-1.5056653997901364,-1.8550415226393098,-2.79692358077992,7.120315018593291
2000-02-29,-1.4743562709652887,-2.3546143724470063,-3.081750820145333,9.460211105959019
2000-03-01,-0.6768424638233287,-1.8402360575359005,-5.022879067456253,7.79075903228702
2000-03-02,0.917328752325809,-1.7771791658629499,-2.2465198398123563,7.879500793636002
2000-03-03,-0.5836112819455975,-1.7403386655205215,-4.123061677841568,8.068425632246514
2000-03-04,-0.05211729809179566,-2.9224271170177754,-5.5437159202949235,6.135404872115959
2000-03-05,0.8975587239399663,-2.1575768476703194,-4.947148661332944,7.451353660941315
2000-03-06,2.230876472592646,-1.7446520336223004,-5.141352332594097,6.854877630813709
2000-03-07,1.9125060367005093,-1.9209012957944847,-7.674883192959202,7.565926249485032
2000-03-08,4.382432081097323,-1.5758916335189659,-7.9750839489520535,7.941032523242731
2000-03-09,4.060925825780637,-1.1394699494013492,-7.593853763819661,8.533208871115125
2000-03-10,4.319391350565376,-2.377830161547013,-6.951535570465393,8.768418720760284
2000-03-11,5.871334772946252,-1.697710077849515,-7.685226400053762,10.37750740749655
2000-03-12,5.492851504169496,-2.12252405455767,-6.396745498589294,11.20890547047134
2000-03-13,6.002734261488676,-0.820160640173071,-7.203024802255381,10.4938609986862
2000-03-14,6.164651692754028,-0.139182806625349,-6.803413102196425,11.356662946810603
2000-03-15,5.808866130053216,-2.929627853668226,-5.2374395462090515,10.766849178161687
2000-03-16,6.30328930982161,-1.779011487037185,-4.108448732540437,10.085257975502744
2000-03-17,5.647786962267007,-2.896696221703599,-4.27794474970903,7.9961003175315195
2000-03-18,5.1415996390021155,-1.977901547152698,-3.9039883327530416,6.280282907835953
2000-03-19,5.431279308637642,-3.3153364877163884,-4.55246522153085,7.376059274332444
2000-03-20,4.611798744424086,-2.569258461703436,-3.2259375058191715,4.553642187765703
2000-03-21,3.881415900632382,-1.5207209423504564,-2.7291769731602025,7.128330310717051
2000-03-22,3.627019570361126,-0.8513153733482187,-2.347538882216084,7.481680970686318
2000-03-23,4.358078364373645,-0.5651427038458625,-2.3169654066352336,6.592629334299976
2000-03-24,5.035104291433076,-0.15779906583297654,-3.614433590267467,5.2103203312542865
2000-03-25,4.780775042113596,-0.8349683128408959,-4.503036821336333,5.5474472020576355
2000-03-26,4.497568163816108,1.237299413975422,-4.31354394620303,5.221007379001531
2000-03-27,5.323374947352387,0.9802493564211134,-3.8291471439045313,2.7690604294714714
2000-03-28,5.747563976036429,-0.06400219679939556,-3.5784951576669104,5.918698806589795
2000-03-29,5.377171339292662,-1.1308501090153615,-3.0591535008480686,6.132776195034087
2000-03-30,4.76494325342371,-1.3223450895277276,-3.0829958060654707,6.057418072940079
2000-03-31,2.7723450667777483,-0.5976246922245202,-2.2821032199102564,3.1069059139580446
2000-04-01,3.8388448420678936,-0.8929301153444749,-2.2996101875504613,4.397051796098408
2000-04-02,4.4275456699175795,0.1951073920068811,-0.8622657472458515,4.240420331680087
2000-04-03,2.897021844242398,0.6860782600388944,-1.2816700588849597,5.665972518349458
2000-04-04,3.65014552585175,1.5790625139714862,-0.869079825278763,7.23591691712738
2000-04-05,3.36044576823027,-0.5846560820350284,-0.15255577668500253,6.17083166080562
2000-04-06,3.750248520486242,-0.1817595796330222,1.126032798038116,6.291458162463513
2000-04-07,4.881688266997631,1.7527920894694182,0.20497408587161414,4.223474582610627
2000-04-08,6.250213024719722,1.5813927567802866,0.22275470475458659,4.401295002810215
2000-04-09,4.553691953423519,1.9625394711132107,0.6659253083307073,5.233348632574966
2000-04-10,6.947679685907954,4.0227349128174055,0.7503990092589895,5.816885035837937
2000-04-11,7.675440590467976,3.5032835423856863,1.095456173718253,5.949120782473783
2000-04-12,7.7115354586523805,2.484725143681672,0.474637361591134,7.664235421807058
2000-04-13,11.2257296577599,2.3320697689237475,0.15947934607791575,8.718447504000201
2000-04-14,11.695598047189236,2.4989061232626124,0.879905823738685,7.316760365500711
2000-04-15,12.124034699512691,2.0470317233625592,-1.6586487682283624,6.0769957225012705
2000-04-16,13.23690974710276,3.5894807615588595,-3.1791412523233444,8.791623349697629
2000-04-17,14.236871093730084,4.314402706798788,-1.351999549075436,8.335794774337634
2000-04-18,14.404777299507854,4.56469051721555,-1.100870601553196,8.016908832456707
2000-04-19,15.423245763726081,6.258370040603349,1.4149779263831241,7.017296983356584
2000-04-20,15.946539672630124,6.6150786251488105,2.184850601705521,8.16501534436525
2000-04-21,14.483258416583036,6.08944921090834,1.9337457556730047,7.8933112623475115
2000-04-22,14.634455666794421,5.713797542078207,1.3052447384625674,6.6625386355653236
2000-04-23,12.998633495019428,5.977738063484282,1.973579943951512,5.225602878398555
2000-04-24,12.992156223683628,7.470419226957461,1.4687242662033664,6.126628993687238
2000-04-25,13.332814495970755,8.906836222379516,2.595105685026909,6.455984398706646
2000-04-26,12.147102770999913,8.478052593137697,2.6756938754245465,6.211374105953602
2000-04-27,12.517207466001478,8.557802641367351,2.565064718690878,6.8797072132498345
2000-04-28,11.1893780497806,10.041781373039711,3.804174749762689,6.6386699960621804
2000-04-29,12.566640631069637,10.846056515944532,4.7253788211730035,6.165121319391997
2000-04-30,14.312656358934984,10.566207879872298,1.7331063051601028,4.963043693266631
2000-05-01,14.81125020129398,11.226068047794495,1.2190526958114374,6.20499400661901
2000-05-02,14.310884587695506,10.429652503840549,0.6588761153091196,6.728587929218271
2000-05-03,13.870396219743776,9.48407795504931,1.7045288438571609,6.408885201769189
2000-05-04,13.01036403837031,9.40167028648271,3.0828287567489516,6.410551605798927
2000-05-05,13.963559482725081,7.978666289505173,0.8991703495746566,7.177115113326645
2000-05-06,14.062552152814758,8.29742543400802,2.6262038659863864,7.259944479936601
2000-05-07,11.973996348554662,10.677780703579394,1.4100648447409054,6.1880232752403534
2000-05-08,10.369562692693153,10.169450918945769,0.732197834965517,5.324154219893253
2000-05-09,11.11685036968303,9.991598612036194,0.5797773228133631,5.950371401950011
2000-05-10,11.515358241444254,9.815224953967999,-1.3690077874418762,5.888501632978158
2000-05-11,9.932453907243486,9.365620554377365,-1.4555714134541369,6.623060175862282
2000-05-12,10.560616972851957,9.698815609297434,-1.6916530726090993,6.313079044332991
2000-05-13,9.59602260380411,9.309572412008162,-2.9359864346120066,5.315252064597367
2000-05-14,10.258489026644522,9.727887466842313,-3.5495325483732136,4.418209909537358
2000-05-15,11.190121121002957,9.450246622155356,-3.1321269481398253,6.705502415045272
2000-05-16,10.959819634132037,11.199886401276215,-4.026015181313385,7.4827447979039245
2000-05-17,13.26755665347435,12.096101596884962,-6.194437092396222,6.771934144681743
2000-05-18,12.687961611397354,12.812460441823553,-7.080514021328013,8.008743751505037
2000-05-19,12.53691684606989,11.295293880386,-7.729827054939862,6.472373388174839
2000-05-20,10.888072572774604,11.857875012728753,-5.637510869033603,4.39951219487936
2000-05-21,10.359924316667632,11.610125287877036,-4.760133257120926,4.5604894194065775
2000-05-22,8.443133526686058,11.644122608927102,-3.6924780852169294,5.601270139586653
2000-05-23,10.492486909165425,12.393170212390826,-4.0185878319249415,6.66546246619217
2000-05-24,9.921111555982376,13.089537929578691,-4.205449485492838,5.0475901094188735
2000-05-25,9.80723056864497,13.53427325885353,-6.137666377885328,4.530745682274844
2000-05-26,10.28526047833722,14.09625389254145,-5.871712900337535,4.703376825135519
2000-05-27,10.07543654476601,16.5667181500123,-6.902266634618645,4.422000060211706
2000-05-28,11.080664733373304,16.256892120906304,-6.8540660870655055,4.441060486439472
2000-05-29,10.39660070952456,15.185657447732808,-7.699692130326003,4.258372903041778
2000-05-30,12.518472912535216,16.191201102756825,-6.357452675190283,2.3637652894132897
2000-05-31,12.959218987089624,14.672304821530844,-7.520872077749248,2.3856693150590202
2000-06-01,13.131955208343518,15.08109336044592,-8.513617148420998,1.952535152816084
2000-06-02,13.688531736351756,16.509721311679982,-7.181954411594756,2.0954906671091735
2000-06-03,12.382126325856103,17.510686230843362,-7.309046905871744,2.538237281009309
2000-06-04,11.49694186396313,17.05637089525339,-8.577129429729483,2.5746314648123847
2000-06-05,11.240066461353187,15.594365804148255,-8.69588356794192,1.2694780393914535
2000-06-06,10.34541256085852,15.426752265935141,-8.996051646935168,0.24795724044325662
2000-06-07,11.794303932508218,15.793338402831928,-9.517773012695145,0.17805097744897685
2000-06-08,12.098671200376902,14.817854652004552,-9.622628470644582,0.9846894065758056
2000-06-09,12.602721378632992,15.135581105689166,-9.713153120236061,2.9283801863572316
2000-06-10,14.719590048498715,15.372172364229206,-9.678455743563038,1.9138737867222102
2000-06-11,17.25001133594114,16.589116642346394,-10.64318898437308,2.218330081916937
2000-06-12,16.83603719196562,15.286154006964678,-11.414817412532296,0.2887902222879277
2000-06-13,15.682729594169642,14.758002774891805,-10.883635352033817,1.1019223232663067
2000-06-14,14.428798120077142,14.966834384148507,-12.50265940224498,0.4492284069360283
2000-06-15,15.656206579873219,14.969316149298981,-12.578297891726722,0.32104259547627845
2000-06-16,16.26190121950242,15.876030883667058,-13.829132539491255,-1.3093397636600321
2000-06-17,15.780224358705976,15.345185040435874,-14.903139838464094,-2.5359292912484124
2000-06-18,14.91668983669989,15.73714613516479,-14.209211443558415,-1.7367079581268536
2000-06-19,14.668858094150167,14.76815299526496,-13.210235022811892,-1.7072399729232723
2000-06-20,14.315241322595568,13.757589367025751,-13.453833185661821,-2.9344955985609236
2000-06-21,16.11144300669436,12.892736676013088,-15.146303405290249,-4.386070242777405
2000-06-22,16.6729345337314,14.092048893023897,-14.724094782746672,-3.8127112596551225
2000-06-23,14.904256051983928,14.63676022517101,-16.624505807106758,-4.3364677982119195
2000-06-24,13.211651771865217,14.553080189146394,-16.369440161353914,-5.403587967206689
2000-06-25,11.70178751069149,12.91944655594701,-17.85554126943203,-6.815040561433607
2000-06-26,13.15767466872422,13.905516115397926,-17.45362438699757,-4.808948674833608
2000-06-27,12.11751443230845,13.319852281279577,-16.484450335945855,-4.769374816430906
2000-06-28,11.84089709049778,11.705081638196539,-17.25981713428117,-5.220529011188595
2000-06-29,10.701707527466628,10.902983999307498,-17.537540631436883,-4.864683320428833
2000-06-30,10.951766346428448,12.271644669580692,-19.1795108115198,-4.373680143061637
2000-07-01,10.376474802644475,12.716038828696853,-19.424057890240643,-4.1917870210132095
2000-07-02,10.761228432228705,14.464595476753306,-18.382212861496605,-4.867452761362637
2000-07-03,10.610630602729472,13.817017810950142,-17.762524482975838,-3.370334500548731
2000-07-04,10.018659228236192,13.675265481328228,-18.47069062733223,-2.4531376788150965
2000-07-05,10.735738658183863,12.598676363350373,-16.8376049101031,-1.7841765477411284
2000-07-06,8.545696295375143,13.25728628683677,-17.7534827476147,-3.357382516431897
2000-07-07,8.778833823425769,13.588240976439725,-18.217290724079138,-2.344608437363151
2000-07-08,8.276016059984675,12.106462376918534,-17.837806322816554,-2.6945090834545846
2000-07-09,8.209299297440769,12.93360422204181,-17.390878309573687,-1.5912389756655696
2000-07-10,8.909355122547447,14.624496849876001,-17.443107964199662,-0.054783875993411835
2000-07-11,9.198970044332402,13.49629950771404,-17.245342672915584,1.896806893231653
2000-07-12,8.490922819043101,13.004851038025793,-16.87780630465097,2.7517755189760624
2000-07-13,9.74503079440023,12.259309051664253,-17.61971827222028,2.572770437364418
2000-07-14,10.525012496282562,13.517180309231728,-17.014892271999624,1.6329643675485626
2000-07-15,10.895214478012852,13.172987020788344,-17.723932567708886,2.28387943516689
2000-07-16,10.462746302975246,12.531969979196752,-18.380355681502124,1.8887960671918496
2000-07-17,10.272967411237328,14.267132857653726,-20.079088796294357,0.005461066581647911
2000-07-18,10.98559268555557,12.83781398319081,-17.99956613242084,0.7908980648819097
2000-07-19,12.200430986380807,11.706319025710984,-16.55590005354166,1.3744578631313438
2000-07-20,13.095491767510254,11.777278957719021,-17.28853876844314,3.287792871125815
2000-07-21,13.334991499050892,12.717014862496217,-16.93024492533952,4.191359406986939
2000-07-22,12.198908068973296,13.445083883918008,-16.60253617120583,3.834212680594478
2000-07-23,11.563982238250171,12.782536461184277,-16.475791448292448,3.554021495787614
2000-07-24,10.120366051054908,12.182910277105655,-15.077176917560406,4.031908993052129
2000-07-25,9.33615342797678,12.649113430070388,-15.024699441901516,1.5420036793402696
2000-07-26,9.971392742101164,11.949091155595095,-15.043410641825098,4.016221141909778
2000-07-27,11.374570962176707,12.9208927858171,-15.105866554360201,3.5945586262489995
2000-07-28,11.828430935846736,11.257453091684678,-17.568348453076236,3.8271190449522807
2000-07-29,12.048671826161932,11.690422559224992,-16.18583355984683,3.5870534358950072
2000-07-30,13.156138058825045,13.89581195274091,-16.584643974826466,3.759594276254729
2000-07-31,14.50664444799325,12.520019051605127,-16.313746920167986,4.559258011492459
2000-08-01,14.959191214707342,12.625649611492111,-17.282437256282954,5.07952406510964
2000-08-02,12.837598675219184,12.771870554974361,-16.11878361122338,5.0770044125892255
2000-08-03,14.249495257786641,12.315807276969503,-15.79864125095132,6.797815924194005
2000-08-04,13.613246676353459,10.129494652399353,-15.798611168737308,6.227803007293598
2000-08-05,14.117301058947769,8.204838658286574,-16.22618989334991,6.6006906346576555
2000-08-06,13.641664971453993,8.538839230330458,-17.65019948038078,5.246448659074639
2000-08-07,14.048752193517561,8.449698799520238,-16.66806354007751,4.502084216616165
2000-08-08,12.545324623955825,8.68201387326221,-19.583745654281394,4.609456074928447
2000-08-09,13.494676371644946,8.155140602329208,-20.445635770221312,3.566942831288897
2000-08-10,13.517099762057596,8.028622738877004,-20.541449782734325,2.1252017864531383
2000-08-11,14.494198883664284,5.816747214119008,-20.788976440617123,2.6805272353090035
2000-08-12,15.9758023119116,7.423179738251971,-20.206581855832304,1.7584864022273243
2000-08-13,17.21378098599474,7.949022268266101,-20.456061864558414,1.8111453266601496
2000-08-14,17.73545711095424,6.934369353252079,-20.4693862579875,2.3493306039349147
2000-08-15,19.9708350283384,7.597137403862631,-21.381082964713194,0.4842700073757964
2000-08-16,19.744852558118602,8.471976863155394,-20.950385702432644,-0.4372766029019092
2000-08-17,21.04338020234039,7.283283564944336,-22.377934656586863,-1.5244609551763215
2000-08-18,19.83799940333162,8.141403432062981,-22.944118139914153,-3.3166040717933347
2000-08-19,20.094967145414387,8.593455181472553,-20.928909522852983,-2.761059774883543
2000-08-20,20.19597145778897,9.606354693189125,-20.578755084902507,-2.5367347214568428
2000-08-21,21.662241264411136,9.732413832643998,-20.394749431384604,-2.9161886013237863
2000-08-22,21.679321402062854,10.551770354362466,-18.2450171502335,-2.360348429681217
2000-08-23,20.894601128603675,12.44739450388459,-19.07539133600264,-1.5788392185139832
2000-08-24,21.246372238217276,11.07432912907308,-18.001749318926592,-2.440822453447113
2000-08-25,21.892526473616712,9.85863572017367,-19.298546826623138,-2.5945124444403564
2000-08-26,22.44967619230658,7.96764217356205,-20.391415890237223,-3.1261533449183787
2000-08-27,23.886770395977184,8.953079799593727,-18.82882645605095,-2.06765296545832
2000-08-28,21.950685189602062,10.10461058884258,-20.290609056783985,-1.557054221492237
2000-08-29,22.67998127594575,10.485849803621305,-18.706716148601135,-2.518143325874562
2000-08-30,22.360976474389656,11.610455391581523,-18.71029247903709,-3.092189218472863
2000-08-31,23.003087400889243,12.937550118997914,-19.02602802458818,-2.4614539346376407
2000-09-01,22.181307388378006,12.073888397021612,-17.736752779204657,-2.8404361425277758
2000-09-02,21.367107715281808,10.769227010761147,-18.181306277460525,-3.380937571494071
2000-09-03,20.634759560231178,12.521632912876559,-19.20260292956294,-1.9416410669780033
2000-09-04,20.084699059132653,15.253476502197561,-19.637144158003984,-1.986147371860767
2000-09-05,19.8649285457916,16.32546292040274,-20.433433415159154,-2.5111113909534497
2000-09-06,20.82095622438151,17.594283054351024,-21.511378132998324,-1.6037925540470115
2000-09-07,21.433514814606657,16.89319760504445,-22.17555284063703,-4.401780010582317
2000-09-08,22.419519643285888,16.364649195948108,-21.591421862331106,-4.038410001784522
2000-09-09,20.482288151053762,15.166890774576368,-20.5696183165829,-3.0983637230900936
2000-09-10,19.41006446553989,14.05935708118897,-20.853802915816836,-2.4739221143432415
2000-09-11,21.081699394185904,13.85907055828412,-20.42020928382147,-1.323207844145161
2000-09-12,22.484946066253475,14.53320038017134,-20.596226037355322,-2.6787657193824232
2000-09-13,21.40933855682322,12.493639948745795,-21.720387392580164,-3.249020369243469
2000-09-14,21.5783927167624,14.18469884615127,-21.73215686069894,-1.6800450047616582
2000-09-15,20.879663518753006,12.579437038877673,-22.643259669691055,-2.323449943546305
2000-09-16,22.628203833162107,12.146578233617591,-22.324006053230164,-1.180033467923821
2000-09-17,22.668419449103016,12.805678404006661,-21.99764413607853,-1.9634403286933195
2000-09-18,22.143971372444064,11.895908071670245,-22.78430913670452,-0.43548505822720784
2000-09-19,21.526717822566496,11.118750067240176,-21.392110869162188,0.15480560066959304
2000-09-20,22.379739033062034,11.763841579816182,-18.680136932088814,0.26329656385725436
2000-09-21,21.942757779647252,12.146099595950135,-19.76931179715122,1.828383048575484
2000-09-22,21.559286364625866,12.905176183288509,-19.685875146796143,2.232760155208229
2000-09-23,21.64977953944357,12.470294004517898,-17.74530390238763,1.9755469539300705
2000-09-24,21.749855890064495,12.662060338995705,-18.546001335542233,1.759786645491178
2000-09-25,22.360353784705012,11.911789407673014,-18.429980939238753,1.8796488689359838
2000-09-26,22.086605824090423,11.773613618947786,-19.601119313218067,2.284569029937777
2000-09-27,24.732440859241102,10.40148864792472,-18.330523502853723,1.377515765002697
2000-09-28,23.981650384809367,11.158863310040799,-19.221664691681966,2.4204759746467026
2000-09-29,24.59323193258826,11.737729981674,-18.81418325387026,2.5502492872424587
2000-09-30,24.376239514571107,12.238209083022367,-18.483340813414014,2.422689634642296
2000-10-01,23.722491426318133,12.61731677645483,-17.440596534206016,4.31231103872266
2000-10-02,23.98798287735859,10.782197620555246,-16.608169457712513,2.0976671904492616
2000-10-03,22.891104673327803,10.458901305457543,-16.600703332542377,1.6058827745017634
2000-10-04,22.364019079594637,10.012496604979646,-17.359136256520813,1.0345035245378789
2000-10-05,22.788027054593282,7.723138233655886,-16.908373154685474,2.268595362364315
2000-10-06,22.31413040673442,6.968612047287031,-16.33289403003122,1.2507621793649946
2000-10-07,22.89409961406834,5.881715986895428,-17.002641313598254,1.0213695937926475
2000-10-08,23.96169936273837,5.2974851637798945,-17.889671073894842,0.47790744918297623
2000-10-09,23.2703037141801,4.515526140973618,-19.443446813416575,1.0178731581734
2000-10-10,24.49700168173607,5.159496209146341,-17.046903760014263,0.4274106727704001
2000-10-11,23.014976851052964,6.557495914059654,-16.686497290189248,-0.11489538365396534
2000-10-12,23.157655037203106,6.921229159368435,-16.122521578418596,-0.09398253882176719
2000-10-13,23.246740369853885,7.6472525834781795,-15.483863116881057,-0.450391495867718
2000-10-14,23.409133314995053,7.564701242507733,-14.895783640144007,-1.3133498466989248
2000-10-15,23.285884409859356,8.496057199762182,-13.23700930561353,-0.5043798391166185
2000-10-16,23.88814830595854,9.073348960795803,-13.701983046855455,-1.6720256427448543
2000-10-17,23.655355330601495,8.616235465853228,-13.022679501422797,-1.9422631840261748
2000-10-18,25.584316080067172,9.973536783502476,-13.327664235461517,-1.4230207918805737
2000-10-19,25.20213821581971,10.267574309367262,-14.514305183921767,-2.035938528743796
2000-10-20,26.86815626068038,9.728242454187209,-15.376738454209514,-2.3559255426796324
2000-10-21,26.10984526596761,9.323649898251308,-14.391044642349074,-1.4065955218297896
2000-10-22,24.722764189306027,11.41544328078552,-15.121048242376848,-1.1907945033584453
2000-10-23,24.909422232980734,10.381967057759477,-14.30959908585245,-1.9040193113485648
2000-10-24,26.556750145397526,12.603373939053553,-14.098139872104086,-0.048458948162851234
2000-10-25,27.686129415368168,12.283219997652878,-14.254465374360796,-0.0798445115373559
2000-10-26,27.305729643977852,12.46382186038831,-14.183484833342698,-0.8930924339755462
2000-10-27,28.956078150618396,12.698382456698122,-14.487110837676125,-0.9983059014854003
2000-10-28,26.836578281686982,10.449352051071111,-12.58348513540763,-2.827590314200637
2000-10-29,26.751352993698756,8.994463267322953,-13.614065911739875,-3.0160617415233943
2000-10-30,27.125195759714824,7.501166340842257,-12.97541691226678,-3.2213276747204667
2000-10-31,27.88711852701575,7.148489703870614,-12.967488692908749,-3.37775766698283
2000-11-01,28.944933424864875,6.084938340015229,-14.558680672361389,-2.8154935656257125
2000-11-02,28.892515319849956,5.890408548325536,-13.894119820458958,-1.8079479391590692
2000-11-03,28.201913406002202,5.962171761701948,-15.304636805979042,-0.8866198474642957
2000-11-04,28.075178778284574,4.575070793404512,-15.662691738181623,-0.49204688949172515
2000-11-05,28.838746891459724,5.279189088898923,-15.48750710473849,-0.8154505813088633
2000-11-06,30.885914361286332,5.281314986671014,-15.65235767204103,0.6406587351280904
2000-11-07,30.213823754630123,6.474252786325707,-14.250550115151109,1.726413846556278
2000-11-08,30.522617744555752,7.457133683617056,-15.170053677223233,2.9793192994536257
2000-11-09,30.430881549260796,7.68228822113373,-15.468789616003775,3.7557163100379767
2000-11-10,30.63499657075867,8.0810198994775,-14.461666383782301,4.886362567582516
2000-11-11,30.851450597234866,8.020677133096658,-14.188849334384054,5.630601651164748
2000-11-12,30.282429298579014,7.118976670321069,-14.094660933000469,3.99088011867616
2000-11-13,30.260139145785214,6.771730653852673,-14.83859657478719,3.4979494800855555
2000-11-14,31.52487674180826,6.9494954594301035,-16.02327560870707,6.13266670568772
2000-11-15,30.71725607781229,4.7042393608716075,-16.51211547331265,6.057599871406035
2000-11-16,30.91581031202481,3.947101301518499,-18.715479455078537,7.7779119298322135
2000-11-17,30.442262796275738,4.001982580244379,-19.098616809336022,7.75369169291016
2000-11-18,31.65853795653726,3.355648722645931,-19.115778891586288,6.36667197721227
2000-11-19,31.333378707868967,3.13698900523378,-18.469680995388988,5.088783352245218
2000-11-20,31.30626473105985,3.657732079543859,-18.486028291251316,5.338299822860063
2000-11-21,33.47156151342387,3.307742922387195,-18.231064003441407,5.4949565512901986
2000-11-22,35.07685806214379,3.249867121757951,-18.491930008254588,4.690696449902827
2000-11-23,33.9372739674494,3.357969979110449,-18.118147976615855,4.870272713175392
2000-11-24,33.75991795562899,3.5352820638470575,-17.435710704415577,2.393054978973147
2000-11-25,35.22432805135649,2.4094099955276302,-16.834346767793583,3.756471038344009
2000-11-26,36.460347230738996,3.171298631098951,-15.730532289198795,3.880376783023111
2000-11-27,36.53353315046198,4.928370092636319,-16.904487808878926,2.6719775165341915
2000-11-28,36.379593348272216,4.834818641796382,-17.46558908282052,3.4260080629082226
2000-11-29,36.306603987919615,5.575352045288106,-19.502309890873292,2.8364745232137754
2000-11-30,37.788388822018625,5.755943339547047,-19.433335117978938,4.031369979597376
2000-12-01,36.714987504496804,7.079045870090595,-20.59363694788548,4.267147098566859
2000-12-02,35.05337257211575,7.6194127881267395,-20.33584236591241,3.712155820108729
2000-12-03,34.884062795726,6.1145380406313805,-21.859813433200394,1.9126084171089779
2000-12-04,35.12564887428018,5.500587501573132,-22.291531791541136,3.184287605469768
2000-12-05,35.71871262528482,4.38235540237889,-22.052180334670513,2.6882802401155725
2000-12-06,35.28514913420612,4.504822601979356,-22.347206668093943,3.0245457367185287
2000-12-07,34.113490110381484,4.229282902068512,-21.473813354597173,3.471351311970729
2000-12-08,33.47302689314695,4.831365297775127,-20.70209325451983,5.325877753504846
2000-12-09,32.57059269265936,5.979101178721808,-21.5269022027175,5.904739912747222
2000-12-10,34.26813752936986,5.625190319412262,-19.898406950745382,6.990180943205503
2000-12-11,32.223504595242105,5.6101156644301335,-21.041322528158947,7.0750350876148715
2000-12-12,31.42482311297401,5.75211875116367,-20.604197936340448,8.66910421191198
2000-12-13,31.63892079094259,4.6334785914524925,-19.956439587032214,8.539996701883918
2000-12-14,30.291102879988088,4.582044316824877,-19.967959397930606,9.307086313977296
2000-12-15,30.932299727791552,4.550027900852991,-21.576517121896018,7.342087206915718
2000-12-16,30.632842263115073,5.250006990137591,-20.654718263440753,7.193292810535432
2000-12-17,31.214353331914694,6.269815951376216,-20.432632560673444,7.525269488705863
2000-12-18,31.405795879097884,6.118902688437649,-20.33344174608513,8.693349430633353
2000-12-19,33.67068270734749,7.2924648708219575,-21.59030493314215,7.010152516213076
2000-12-20,32.617291894488645,7.588954165715542,-23.728194649253943,5.469812384180824
2000-12-21,33.236457060371976,8.472722768931781,-23.964795223662804,3.1674293847415815
2000-12-22,33.07558012763245,7.564078326251539,-24.633091401630846,3.9104046467847735
2000-12-23,34.97619498214907,9.61869435281006,-25.625734959386083,4.436122393158857
2000-12-24,37.331815604206284,9.849510550421611,-24.52705517860001,5.344898630404729
2000-12-25,38.591177242160235,8.798016544447275,-24.639917486767832,6.932795747813317
2000-12-26,38.78909120316451,9.997183977595078,-23.85637613701983,7.401538508439927
2000-12-27,39.14725574365633,8.267412225067666,-22.931971210929603,8.641844386503976
2000-12-28,38.21757377252942,8.00763003685253,-22.06498939650355,9.368946612708207
2000-12-29,39.19636353974559,7.768145492839353,-22.221816208306237,8.32800073032558
2000-12-30,40.59947201741112,8.471395957509547,-23.08838978836451,7.516589499590351
2000-12-31,41.03419407184122,6.385350121525704,-23.377865773981753,6.711632413636607
2001-01-01,41.01435832705658,5.595972308033262,-23.29105117145283,6.409314394269841
2001-01-02,40.517346037298196,4.2762098715899475,-23.102152157059827,6.059192597538837
2001-01-03,39.65159905711974,4.590594833420598,-22.843803305588942,5.8573539373814345
2001-01-04,39.881388482298156,4.224807243093191,-22.646388218211648,5.4336185888260875
2001-01-05,38.18903435724442,3.575578289933097,-23.34465676164227,5.85728917880171
2001-01-06,39.270111546626445,3.9908790126996774,-23.98867178290966,5.2967195359440735
2001-01-07,38.86060139326775,4.16438167705323,-22.600312044813485,6.42294593427886
2001-01-08,38.80948466968953,5.510974268343009,-24.608814330300046,6.069854756791392
2001-01-09,40.09518009825875,6.041032103599055,-24.12590133211831,7.407170036511647
2001-01-10,38.449421745705735,5.975198836562349,-23.257313772375774,9.935371344321288
2001-01-11,38.327647318717176,5.430853542977688,-23.33550539556947,11.50885592847078
2001-01-12,39.538364071066226,3.771240237551556,-23.886599701686066,11.175059983851662
2001-01-13,39.22200040828623,2.6841790642355337,-23.0185654852153,9.81994326431998
2001-01-14,39.360484823956035,3.739625185810446,-21.476119844321676,11.013741059891187
2001-01-15,38.235563959414385,4.2713873713886175,-20.46569318569408,11.186904083791019
2001-01-16,38.697316072282135,4.934152902055368,-21.821791132372503,13.473294602844884
2001-01-17,37.701266677471104,5.376124828720949,-22.18652540822408,13.186422186255701
2001-01-18,37.25114613222068,5.376267557160103,-23.14800196692449,14.206152332118332
2001-01-19,36.04370694962831,4.163458191160505,-23.38112758090055,15.122150605124386
2001-01-20,35.793246744139964,3.091440588387559,-25.054307448337987,15.924902085312516
2001-01-21,36.959808673611676,2.847983451820682,-24.141156367570158,16.11134402454539
2001-01-22,36.18903151171712,2.1947435599229905,-23.065176403362027,16.12151467619217
2001-01-23,35.51386402294309,1.5332084951952,-22.978226372640876,15.5712498803496
2001-01-24,34.16038523911582,1.0887932542525587,-22.021808735823765,15.366387330167294
2001-01-25,35.515250362017085,-0.17261467427518573,-23.585486773486814,14.235069966950942
2001-01-26,35.89606867534935,-2.794353288731866,-24.12468808229257,13.670130078160625
2001-01-27,35.2949637877249,-2.7163482077099426,-23.417319574607216,13.85858611321075
2001-01-28,34.67077141536325,-2.9098266022239443,-23.811762466081323,14.13380889756175
2001-01-29,34.00959135966076,-4.943354126653627,-24.688935961828783,14.24906094308739
2001-01-30,35.213440892431315,-4.604442767718682,-25.162757160215982,13.086049335793199
2001-01-31,35.170161193684045,-5.796424511231251,-25.201188725673475,13.548097988170415
2001-02-01,34.58522352493211,-5.350119083560711,-25.98346026177846,14.156670387307953
2001-02-02,35.640060930261846,-5.948716236552512,-25.659597523914996,14.01588686281053
2001-02-03,35.5853020394592,-6.196502380070771,-24.93581467876318,15.587807343264181
2001-02-04,35.52544099131051,-6.4955472533703835,-25.276709346144212,14.236069358448143
2001-02-05,34.5788404887026,-6.80899700532764,-24.342485100386444,14.674935935396714
2001-02-06,35.16167579780409,-6.258058974890273,-24.14751639429008,14.801366901896584
2001-02-07,36.77083715481794,-6.710848121166183,-23.915959635280206,14.58352997364694
2001-02-08,35.731930564463866,-6.733475824135,-25.049334343964176,14.001697286967339
2001-02-09,35.75944161855003,-6.448176591538079,-24.59812888633122,11.931788981892472
2001-02-10,35.62365786863704,-7.735661009781431,-24.654399057856704,11.627404886592254
2001-02-11,34.107107165566006,-8.990722754234422,-24.7668156232495,14.81023267298387
2001-02-12,35.17424550696523,-10.435094965931851,-25.76284133804013,14.597464170495478
2001-02-13,34.35665801097146,-9.960616195802064,-25.584289594641163,17.002794657642955
2001-02-14,35.35250410823869,-8.960245342109982,-24.188272559650077,18.146646273963906
2001-02-15,34.87567403388607,-10.23157738505878,-24.488951696140557,16.98296959010225
2001-02-16,33.57718471163275,-9.923457985061653,-24.821248679871818,17.0483181977335
2001-02-17,34.45650070008516,-9.046923941309794,-23.824531610454393,17.070602361070993
2001-02-18,32.9347166869396,-8.46178536343992,-22.41933724790958,17.3265761637157
2001-02-19,33.349729307340056,-9.679136649841029,-22.04949065231586,16.180259657522562
2001-02-20,33.650826364384784,-9.686235978537463,-21.694080813911462,16.872242838805995
2001-02-21,33.18937135271049,-8.873436921317635,-22.400351621977425,16.31540653625445
2001-02-22,33.26603733797755,-8.931969947148486,-22.00181678668912,15.183029162177483
2001-02-23,33.96870564163493,-6.686928337121087,-22.491111809853717,17.54505513790659
2001-02-24,32.61979941236297,-6.07867076190873,-21.428139472235987,17.037762593061682
2001-02-25,31.405455204017755,-5.050689389101161,-22.119326694196968,16.747949738363616
2001-02-26,29.674560756221304,-6.514103318106563,-22.454722706019332,14.553133980063198
2001-02-27,29.468651605919824,-6.737442772484644,-22.23932035599741,15.758923742311929
2001-02-28,28.10699789528518,-7.842207280649994,-21.4411654327773,16.301487736094078
2001-03-01,30.226899810809687,-10.344402590703279,-23.801755279519064,14.952264192031203
2001-03-02,28.273066712765427,-9.8217139273663,-24.10394251677644,14.267521283353942
2001-03-03,28.512046939520005,-11.571244146303256,-23.801940956561303,12.698883490232447
2001-03-04,28.081484849868318,-11.499776090432702,-23.983706408295795,14.055626939865837
2001-03-05,28.41960747959891,-11.657653685747501,-23.20837628854632,12.127736343777986
2001-03-06,29.529609485637586,-10.728568664205268,-23.325845940806843,11.518780246842104
2001-03-07,29.608621586567207,-9.90724794914461,-23.225738044759275,11.797356164090607
2001-03-08,31.147766815826586,-9.992623284767136,-24.61687985002274,10.415601219729117
2001-03-09,30.29788689296998,-9.519281700088325,-26.53488044559519,9.710597188903925
2001-03-10,29.5211557232465,-9.588444531429365,-27.363149083207837,10.287320271319365
2001-03-11,29.344396006347562,-8.002179575759705,-27.12032966036814,11.295797280410712
2001-03-12,31.109428528783994,-9.410947218295837,-26.570622407675142,9.697582260750705
2001-03-13,30.438197573904873,-9.345817217053337,-25.968448584353613,9.93652983851796
2001-03-14,30.690075400047714,-10.647619770255671,-25.627767004611382,10.30909737830079
2001-03-15,32.04030521185879,-9.21081306429289,-25.664015739371578,11.172023148082452
2001-03-16,31.932631292368743,-10.722200829460416,-24.829456301796693,10.713388068529424
2001-03-17,32.51673751248694,-9.216630382206382,-24.226568595283712,10.415805713175546
2001-03-18,32.679723366750714,-9.061449389061329,-23.04569235706321,10.263865097564556
2001-03-19,32.04797555046337,-10.90576940097355,-22.230517470591785,10.129983878507979
2001-03-20,32.18776685927071,-9.140145844177916,-23.275760792075868,10.003020224176625
2001-03-21,32.37676566878193,-9.633308617572954,-24.18726791222348,8.405831966274517
2001-03-22,34.569365034763564,-9.027125091507422,-22.586576767793446,6.375438578185783
2001-03-23,35.248351457808006,-9.91780362914649,-22.684517140112476,6.252889079030429
2001-03-24,34.9904840732742,-11.330101322559274,-23.592003758057263,7.7222268389877335
2001-03-25,36.03832461344434,-10.87989721391704,-21.454674816387875,9.50719841967156
2001-03-26,36.82521083906611,-11.048017766705854,-22.33924582831385,10.599276616871812
2001-03-27,36.80421118835596,-11.043427412225638,-20.66801217857398,10.868555275101773
2001-03-28,36.73893913940747,-11.857139065967122,-20.34200316799661,12.216398140787726
2001-03-29,36.91739450317869,-11.682123286313018,-20.07636520541945,12.641772981775318
2001-03-30,36.31326316279867,-10.892363684340138,-20.80165221705065,14.052038671570308
2001-03-31,36.65210122274209,-10.176809114177544,-18.905434576529338,12.909984836361359
2001-04-01,37.631976412053106,-11.133565487775574,-17.166402297910953,12.99420258469058
2001-04-02,38.44978832335351,-10.111498413960852,-16.549706060753973,13.636061289751746
2001-04-03,39.277119580562385,-8.208056024624376,-16.083669525198555,13.762189372157005
2001-04-04,39.473205694174645,-6.271386310684136,-16.535586399825473,14.818870646779017
2001-04-05,40.21432611696796,-4.214903538367201,-14.700019794066073,13.773964767913743
2001-04-06,39.4213856382273,-4.052794777947432,-13.966631991505423,14.25052650135068
2001-04-07,39.8640729610086,-3.2672044232346735,-14.552960303089044,14.582611400570288
2001-04-08,40.342802757380156,-1.9363779377402197,-14.748312972889172,15.46541381448512
2001-04-09,40.832962694880315,-2.006944715966898,-15.401731418355352,15.534200444070827
2001-04-10,41.04617031479853,-1.5162593679095728,-14.89642830307293,15.996515264165643
2001-04-11,40.003535543889335,0.27807001958249566,-14.541468404281565,15.492053929150321
2001-04-12,39.55563242875521,0.2001089798746007,-13.737453292780456,16.992900807569267
2001-04-13,40.28520393008084,-0.3719992380901905,-14.242002540534576,18.552409760456776
2001-04-14,40.73363774048759,-0.9724880673318144,-14.748287613943262,18.63123119184077
2001-04-15,41.557253981882,-0.358692876621596,-13.749198981870734,19.005945020112577
2001-04-16,42.79222090565874,-1.3924389869696447,-14.842732120356692,19.730103346453284
2001-04-17,42.02094240464994,-2.221671183600761,-16.328838789326035,19.33332978269304
2001-04-18,43.1164004198927,-2.2348049006353206,-16.37269494552709,19.34034821322188
2001-04-19,42.497681382535546,-3.5244756471714567,-17.06750600670441,20.257272867136006
2001-04-20,42.01422462397103,-3.1039118400672234,-17.861700731759136,21.0163002317158
2001-04-21,44.86133753081869,-2.7924429624090314,-20.044304325362695,21.61425591034632
2001-04-22,43.87803071998454,-4.027896492879691,-21.699400006230743,21.195544476513245
2001-04-23,43.91555623591321,-4.409935242014628,-21.999578969239927,21.799329371601782
2001-04-24,43.56256395835932,-5.384096040389017,-20.361982517880293,22.851150396300802
2001-04-25,43.31467047334513,-2.4046728867532274,-20.24721879771671,21.949914005481723
2001-04-26,43.78549545937582,-4.204516358479315,-19.68602649341654,21.339859156543895
2001-04-27,43.69318299296125,-4.874351661427808,-20.050465866304233,22.436677606464933
2001-04-28,43.05784294968824,-6.581753189284302,-19.25906326790248,24.21853626603924
2001-04-29,44.697910433636764,-6.250474012470934,-20.662842079911414,23.379685678729565
2001-04-30,47.64687729119445,-6.9681104044990505,-21.074541533998637,23.906517535648227
2001-05-01,46.23043010592443,-6.734087381085966,-20.423800187887938,25.11373715326267
2001-05-02,44.11324093558734,-6.606559535512428,-22.109182514656904,23.716010346438644
2001-05-03,43.56871899327316,-7.19415723563172,-22.59778642184741,22.857417282217867
2001-05-04,42.60695469261752,-5.987065012870063,-23.24541898458044,21.508221659288694
2001-05-05,41.71328661847137,-6.573617619951305,-23.95722128725432,20.595022187561526
2001-05-06,42.49963523511157,-6.402450931067948,-25.215726327489726,20.781546310230475
2001-05-07,42.73929923681577,-5.776181446174156,-26.501997888852383,20.333925259702735
2001-05-08,41.127490510389265,-6.269995688013131,-26.29974930444387,19.948746704125252
2001-05-09,40.92203892781379,-6.6429487914579175,-26.11426541577473,20.79809358299866
2001-05-10,42.42508301207476,-5.678051076031521,-26.595421336116623,19.11651718087473
2001-05-11,42.70362622044801,-5.5994489513741845,-26.621920125852306,18.91072355084553
2001-05-12,43.17903550552544,-6.538867155053749,-25.247914290520757,18.635226549823766
2001-05-13,44.255362178246855,-5.615175856706793,-26.6862599003514,19.184003651801017
2001-05-14,45.20759830198938,-4.28980894075494,-26.468809447615804,20.84252945254853
2001-05-15,45.44239701290577,-5.794622736955191,-26.519768382593742,20.73775031510346
2001-05-16,45.226665513998995,-6.133070615441981,-25.761652265688912,20.69197841041816
2001-05-17,46.70016023117735,-6.210430974699515,-25.722141458980076,20.115320279807463
2001-05-18,46.46708909615403,-7.009334962654868,-25.420221080049892,19.04002131220769
2001-05-19,47.645366767681544,-7.295158246346539,-24.46073170292816,18.756670811657884
2001-05-20,46.77329244122578,-8.2061352668805,-24.69518045574223,19.302232483379676
2001-05-21,48.57039696222213,-8.662571155907859,-26.60345786318786,17.527306255653126
2001-05-22,48.9830877614213,-8.367096883864363,-25.34557832609861,17.469944656718653
2001-05-23,50.052097882006194,-6.3068426205024775,-25.646496219619888,15.836255968988931
2001-05-24,49.346294441238854,-6.343312115423597,-25.808259305968676,18.17792346486866
2001-05-25,49.87018460614969,-6.458360906733126,-26.132657415953044,19.377492237327615
2001-05-26,50.90494844521656,-6.743693036070773,-26.86995691066331,19.617643678455273
2001-05-27,50.20162946039706,-6.709122117499861,-25.08229385992324,19.906611364657273
2001-05-28,50.215689337644996,-5.9712217708503825,-24.83286401414352,17.772457885631038
2001-05-29,49.03126595636135,-6.247016296135406,-23.291248590851012,18.178543083217857
2001-05-30,48.51566295536836,-6.0092280318775515,-22.595910501412554,17.502291966960428
2001-05-31,47.964845196283854,-5.4896995886741635,-21.061763130252572,16.443299965615466
2001-06-01,48.005295759959054,-5.907090672714498,-20.57569704821818,15.198431460026331
2001-06-02,50.0309741968067,-7.440269141917021,-21.378336725230753,16.930153304055178
2001-06-03,49.4207780481339,-7.5363995330790905,-22.210746041087322,16.68953202627611
2001-06-04,49.142638821847086,-7.551736491876051,-21.80935016163025,16.568478025878285
2001-06-05,50.394055796925876,-7.1426555944350785,-22.332093265087583,15.379245837677317
2001-06-06,52.303436357968295,-8.58499964645872,-22.251913878091983,16.189936468246803
2001-06-07,52.74590170058522,-8.56887748078165,-23.568332921300296,14.481348415359342
2001-06-08,51.01679522458169,-8.814432091826118,-21.716098918424137,14.499583491687147
2001-06-09,50.43765026548068,-9.107237262930239,-19.498426656509537,12.964535954462411
2001-06-10,49.14125709992004,-8.749441602452343,-18.929374165830644,12.216640462673604
2001-06-11,49.62562466605681,-9.796642775705116,-19.538145508334285,12.773999114914725
2001-06-12,50.405659408439824,-9.886241939158161,-20.98496935528801,11.537098869570947
2001-06-13,51.35593147701455,-9.789300006318575,-20.856753058704253,11.421700449346293
2001-06-14,51.751788953990406,-10.048296504826414,-19.915517033260485,11.439992573788254
2001-06-15,50.784418651780086,-11.173198396261162,-18.95588128099199,11.650854412206101
2001-06-16,51.670231618837484,-13.561528985453704,-19.48923965438333,13.47496661482902
2001-06-17,51.47984919491045,-14.303811140778643,-19.20792475935955,12.104771535937456
2001-06-18,53.195305144228584,-14.036158428204876,-17.24865313286649,11.356632591413339
2001-06-19,52.44377093332534,-13.844666084278543,-17.199549709853297,10.721737786230564
2001-06-20,51.922710156361056,-14.488573382237803,-15.181875141906698,10.550143076668926
2001-06-21,50.73787102688055,-13.44704781988042,-13.853356343935042,9.881021852420014
2001-06-22,49.103897723910094,-13.303138068005625,-12.88925508793084,10.245565101343669
2001-06-23,49.43419721209345,-13.380501608814207,-13.094163989080359,8.971984338367223
2001-06-24,49.412292586147025,-13.07633072551667,-13.021689786605501,6.8874105513448445
2001-06-25,47.600763161761954,-13.397413887530844,-14.276339411574272,5.500829336123862
2001-06-26,48.382503794813836,-13.553902189915398,-15.232784354258891,5.639796791657687
2001-06-27,49.37161558008493,-13.371160980287994,-15.517786697499483,4.568270996270117
2001-06-28,49.5417149451158,-11.750050148328116,-16.611021793931386,6.003981653422905
2001-06-29,50.71840206929436,-10.872869998479139,-15.824810175524382,5.601525261589717
2001-06-30,51.90134083121475,-11.071350097815174,-15.675286937808988,5.806512318057304
2001-07-01,52.23485379617399,-9.988043198663652,-14.600602958558884,5.23023517578044
2001-07-02,50.92795680471764,-8.752374636960237,-15.333208365164603,6.2285559393025185
2001-07-03,52.35535559256352,-9.351187256531814,-16.20256934663511,6.491969692544684
2001-07-04,53.069600515098806,-8.5560983292059,-15.447010596030324,6.231451615273324
2001-07-05,52.98894427093403,-9.707526531237674,-15.298128359828391,6.116593543819087
2001-07-06,55.216541072022565,-9.055994488615646,-14.869488357445253,5.552235417107329
2001-07-07,57.251474474722734,-9.545140206567584,-14.944991862314405,6.192165482288831
2001-07-08,58.19646574756838,-9.250016458815194,-13.50204709757327,6.742827898264325
2001-07-09,57.9226304570873,-8.547715469086109,-14.538356753711568,8.261852460976055
2001-07-10,58.18796344804047,-8.917675517807393,-13.652739041205884,8.164846193603985
2001-07-11,57.798930452826,-9.216540862538007,-14.505618021076849,7.620254185681877
2001-07-12,56.74240876170967,-11.082518413840358,-14.661182065834321,5.30069065976439
2001-07-13,54.47810309877157,-9.627861169714388,-13.595909701504258,3.640403532577424
2001-07-14,56.69335807370303,-8.436029448862461,-13.824757700521072,5.515645826141603
2001-07-15,57.91220225379824,-7.667240816240321,-14.063691327254308,5.524649758900831
2001-07-16,56.41032378056705,-8.271386222909554,-13.695831893340966,3.587504121712347
2001-07-17,56.933066581473,-10.393715734720452,-13.223752902959642,2.98320986233904
2001-07-18,55.88321920273901,-9.542950006862073,-11.482903408784301,3.2671145016543948
2001-07-19,55.71383607786995,-11.295035888583177,-13.405079687487657,2.6516490433591433
2001-07-20,55.11748537644851,-10.092865049164828,-13.645427127835537,2.439520923341018
2001-07-21,56.79387835206271,-9.825816475457877,-14.309418749945301,3.215985628779212
2001-07-22,58.12601501459566,-9.668723020428006,-14.737567890664137,3.574454467533109
2001-07-23,57.276731021749036,-7.573673390874153,-14.955739062576102,4.701199265725183
2001-07-24,57.56980919348652,-8.142827582019539,-14.756247963716012,3.6361934412400236
2001-07-25,56.97262416903278,-9.710563274052499,-16.658121847018304,3.428647934357696
2001-07-26,56.3334173672486,-11.197872323546035,-15.143493391406121,4.941477744509793
2001-07-27,57.4506543790662,-12.198547237915095,-15.215805768754729,4.428847522096221
2001-07-28,56.646889409576715,-12.32246943925566,-12.932884751197843,4.433914606276159
2001-07-29,56.9625346400855,-11.419889452621147,-12.759347909944735,4.87031076794641
2001-07-30,58.299853043537624,-10.70029566198503,-13.626956897575667,3.974590282119224
2001-07-31,58.103507729438725,-10.97294299897156,-12.266769138589435,4.9045725221214935
2001-08-01,57.38152379312978,-11.45769425876225,-13.872718117866793,3.557353918038229
2001-08-02,57.37633399061982,-13.22560798268888,-13.864018252234215,4.415770664630954
2001-08-03,58.70304831775997,-13.304647798838996,-14.058430095357012,5.395231407265695
2001-08-04,59.02881404243602,-14.537868176696724,-13.988366866276255,4.056290840110794
2001-08-05,59.69119222031598,-14.996714500578973,-14.691637383573218,4.472497710943193
2001-08-06,63.03090483999347,-17.35583474950349,-14.931648379413215,3.6223083511269785
2001-08-07,64.6400792045102,-15.982192206455705,-14.533269048462778,4.727513869901301
2001-08-08,63.91386632762585,-16.317028272369342,-15.164955493325094,4.830450248308529
2001-08-09,64.86144722116411,-17.53811030110659,-14.459589412312303,5.9585280176431805
2001-08-10,62.2776799855655,-17.60760113889868,-12.390032892592934,3.464961985314448
2001-08-11,61.56558735742772,-17.69749376395172,-13.967893931201695,2.8477708251755063
2001-08-12,61.45714807472661,-17.798727504047026,-12.61134507911963,4.994624123165156
2001-08-13,61.95248666771051,-17.772911162830166,-13.403929360453898,5.061044320076585
2001-08-14,62.716349156772935,-18.858793245858273,-13.092888501291045,5.344203050929432
2001-08-15,62.53255420766167,-17.835884065382864,-12.850137059908857,4.881024321513218
2001-08-16,63.75991297650353,-17.81945904173593,-12.076802155944362,4.436659351538454
2001-08-17,63.168604300613616,-19.605978245985256,-11.860481462354468,4.5191074190308775
2001-08-18,63.62477387548521,-18.963829453788282,-10.320972757815625,3.4614574399949865
2001-08-19,64.43442369043935,-19.035261095272322,-9.647488432084286,2.993200339829256
2001-08-20,64.21364321721123,-17.947525303132842,-9.391939656180288,6.024125584316447
2001-08-21,64.30619585177709,-17.961180670751844,-9.133853178148618,4.631846679372769
2001-08-22,64.74062834187131,-18.120562882882787,-9.537917722627807,2.896063249197099
2001-08-23,64.84660392139487,-16.953601894916,-9.472060629582687,3.675258184951053
2001-08-24,64.97419216493493,-17.206972669363058,-9.878509937719251,4.0037840981333215
2001-08-25,64.4494497686438,-18.77531626452547,-10.89867437819059,3.2151925860513884
2001-08-26,63.80712580010254,-20.55975732176609,-11.23612354660655,2.927604335841072
2001-08-27,64.05416532675045,-18.97979626142941,-9.575038159889846,2.461419688680606
2001-08-28,62.19731880699071,-17.47580339197953,-8.584640180178571,3.2991898506953943
2001-08-29,60.81819848620161,-16.898887400738477,-9.353282744847814,3.200776765981593
2001-08-30,60.97109716626171,-17.34772337909529,-9.278106752676234,2.3353112278341666
2001-08-31,60.66578992257122,-15.67420068336973,-9.921040489580264,2.2892298865112304
2001-09-01,59.63485091925241,-13.167505947897824,-10.375464553731472,1.8520010931383963
2001-09-02,59.57940987147939,-13.708187799311784,-11.761364972218848,2.42222278058217
2001-09-03,60.32940509521798,-13.522547770068725,-10.838054608235028,1.777092462565727
2001-09-04,60.22984064394705,-12.725466767235178,-11.693796457865197,1.291754211199561
2001-09-05,60.89951128859628,-10.980734023637105,-11.42818523176795,2.455492872123746
2001-09-06,59.142724793177806,-8.54143653900584,-13.243301878460654,2.2271673603124373
2001-09-07,58.287224331973974,-8.179565911335908,-13.828751289748515,0.8901679270034584
2001-09-08,58.065538392897764,-8.251285873815403,-15.722104845161336,0.45989222888616216
2001-09-09,58.21615595794536,-8.000814256993126,-15.580645896008264,0.5752405036169754
2001-09-10,58.575916564004146,-7.971943531443058,-14.679920562825497,0.2448995544241212
2001-09-11,58.49084728931861,-6.582846824616169,-13.700255376025222,-1.7700281736717571
2001-09-12,58.23758215688376,-9.58631065794185,-12.5481719694358,-0.5767009115612873
2001-09-13,56.559279102903126,-9.48896436404283,-12.569639197638725,-0.6500686958865813
2001-09-14,55.17994099942588,-9.658029118038424,-12.768965825351978,-0.6137632824056587
2001-09-15,55.414112670078396,-10.597655531258857,-13.571642578445761,-0.6682755568189743
2001-09-16,56.45015425837227,-10.266380769765728,-12.72349678140757,0.8417030949060041
2001-09-17,56.52868942282435,-10.642686373361672,-13.916394026856869,1.1985781094021817
2001-09-18,56.916236341656564,-9.142114804468045,-13.847427769519028,3.8708657257324735
2001-09-19,57.95252181059373,-8.6560293599278,-12.180356767136296,3.4819270887513345
2001-09-20,59.77173703734525,-8.162183473928756,-13.67311121962812,2.186936852391038
2001-09-21,59.439558245519216,-6.522180703536575,-12.87463667479015,0.5811691475958787
2001-09-22,61.38146847689763,-6.6058111116273714,-13.333896092674665,0.29509828843492397
2001-09-23,61.10399752368901,-7.006500130272562,-14.387018601037845,0.29160162788367827
2001-09-24,62.03054256584691,-7.384593655652347,-15.426257013012851,-1.9807190247672186
2001-09-25,61.56101220754934,-6.6679300181086765,-15.499345704329492,-4.526401324749942
2001-09-26,61.499381991981615,-6.72194958703788,-16.075062756492734,-4.264962577777025
2001-09-27,60.97060193604836,-6.314336341264109,-16.83556217560081,-4.80899047104555
2001-09-28,61.564392449610196,-6.75886346747494,-15.22730615252219,-4.760534882788717
2001-09-29,61.273610860221446,-7.441110196601814,-14.67245378098227,-6.0943221607252465
2001-09-30,62.18588252428353,-7.7405269746221315,-12.980815154710408,-6.388694243458775
2001-10-01,60.94061583425154,-8.72836893882712,-11.520196689508884,-5.168391055311162
2001-10-02,61.743780236121175,-5.340416306221332,-9.802251440534357,-6.14581783792514
2001-10-03,62.94687930090161,-6.74094729637655,-9.647891592653608,-6.66132114183469
2001-10-04,63.55065243601362,-7.448338287830583,-11.13196994730815,-6.851821612115352
2001-10-05,62.56161697898584,-8.248745654706553,-12.083001458857186,-4.99753139062938
2001-10-06,63.84178884264707,-8.67579991788826,-10.718800524858763,-6.110727842553108
2001-10-07,63.94599949472501,-8.417219250805049,-8.157472305162493,-7.6856734159038735
2001-10-08,64.43746688270906,-8.6009163320121,-8.016562707434199,-8.888798333303779
2001-10-09,63.70377605982808,-7.205373278109218,-9.340434689389715,-8.717957892844995
2001-10-10,64.48328554543536,-5.634385665507569,-9.374761396693994,-8.942102803439498
2001-10-11,65.08515662080532,-4.713378320022832,-8.803595059566733,-8.294413032635116
2001-10-12,65.4453430440011,-3.609982329004672,-7.943384714162483,-7.410310430352494
2001-10-13,63.71919859354237,-4.253095263025088,-7.309114266955776,-7.3293047991617435
2001-10-14,63.8207729064823,-6.261099947427229,-7.7682873786517685,-7.2693444669536005
2001-10-15,63.41792109180897,-5.65783972980045,-8.325123193306474,-6.780719850527624
2001-10-16,61.91610966598294,-5.082961928407036,-6.36645986759806,-6.711048023313621
2001-10-17,61.06632660270461,-4.50235668249104,-5.657807002388487,-7.515786644824628
2001-10-18,59.627219778680455,-3.9513311475370205,-5.390679177274657,-8.447086940638794
2001-10-19,59.30003349146671,-5.366179300491462,-5.527102231653063,-8.012394795160338
2001-10-20,59.89096199650318,-5.062743397656758,-4.9258157060167935,-6.482016795525027
2001-10-21,58.81634170130991,-6.548256801527555,-2.4083812039580366,-5.106415477716073
2001-10-22,58.55994922221071,-5.2725266350617375,-5.191591915270555,-5.924915126724711
2001-10-23,58.963508555038246,-4.387403016256654,-8.010709675045792,-6.5655510419021486
2001-10-24,57.95350875797667,-3.074555461001626,-7.113068351101218,-7.472809277200797
2001-10-25,57.58230938410991,-3.002013708369749,-7.783615899348077,-9.28140767367459
2001-10-26,57.23739760626781,-2.9690160315102454,-9.355657404575425,-8.346138963287537
2001-10-27,56.98465808967475,-3.2650266647584685,-9.718695036282682,-7.638132623841672
2001-10-28,57.7854939287668,-3.0935338647319632,-9.690447161457076,-8.547483112299506
2001-10-29,58.05277514325625,-4.449904618433877,-8.958527078994836,-8.966508960102756
2001-10-30,56.84028433206342,-3.8025057680959264,-9.591995865128542,-9.147588907733406
2001-10-31,54.992786567320366,-3.3955267937511846,-11.3607467750209,-9.07694730319116
2001-11-01,56.104455554927725,-4.08893502924261,-11.060178980789384,-9.508967280053735
2001-11-02,55.95643900963098,-2.6423580250209406,-12.75353179312653,-9.626652451266766
2001-11-03,54.64594719108068,-2.362970838232344,-12.238816120293802,-9.715027919323171
2001-11-04,55.1669974810012,-3.4508989561041234,-11.581292833973835,-9.770365254107842
2001-11-05,55.75670408905722,-3.265460826854661,-13.126675027867186,-8.594787908932243
2001-11-06,55.982786215087366,-2.0441190021551825,-12.929197622565153,-7.639153253069778
2001-11-07,54.29791061241521,-3.2464535221501496,-13.168559459103886,-8.352701753465903
2001-11-08,53.977574338442366,-3.2194325128892998,-11.704278026392998,-7.25144139772332
2001-11-09,53.65442668114776,-5.149169970421393,-12.140416732754648,-6.5834604792011255
2001-11-10,53.22599630208367,-5.273731858587783,-13.590820044233887,-7.496650679453293
2001-11-11,53.78389050411833,-4.537038186297121,-12.768110245453178,-6.771147218859005
2001-11-12,54.246744615033094,-3.8729604143868883,-12.842043759556836,-6.535252933792505
2001-11-13,55.078431257759114,-4.50856294686082,-12.468624230361915,-5.979766359458716
2001-11-14,54.25687856893097,-3.7346868461817904,-13.292681723880285,-7.066981235075089
2001-11-15,53.56113308199513,-4.45706216110997,-14.413905038312091,-5.766675051146088
2001-11-16,53.67876262674414,-3.131534144610746,-15.538761928530432,-6.4649965040356605
2001-11-17,53.51539010928392,-1.1768102952718864,-16.782899481243046,-8.130020454678082
2001-11-18,52.16327214762506,-1.5852435878207396,-16.904656935538636,-8.544572725492241
2001-11-19,52.37512141933507,-0.7091892365114869,-17.053048190956634,-8.001062485103985
2001-11-20,50.29524361757765,-0.10266715759777145,-16.801428851283386,-9.257489105476045
2001-11-21,48.702163023126275,-2.127426067532268,-16.55513884318462,-8.08236303849432
2001-11-22,49.546172299388324,-1.8725528293082352,-15.511544753348206,-7.886321964798102
2001-11-23,46.61755981403111,-0.7405591449569824,-13.5796062473887,-8.566701077481724
2001-11-24,47.57329369038279,0.30079266743242505,-14.689153891856042,-9.497353638935724
2001-11-25,47.82187368001927,-0.19963741143152147,-15.277818850165902,-8.040161870482738
2001-11-26,46.53653778725173,0.06338838180459455,-14.987525248401871,-9.285790050986602
2001-11-27,44.889080740791314,-1.8073574922609885,-15.402513522147737,-9.892764949940187
2001-11-28,47.52352819529271,-2.1539068645697643,-14.595431008376547,-9.384921648675277
2001-11-29,47.295971825289485,-1.8005164685382797,-15.406274569814776,-9.418427110767613
2001-11-30,47.23741660689367,-1.5897439481388038,-15.085363555507504,-9.512539484323572
2001-12-01,47.2904912801442,-1.2747936341210508,-16.326995976672226,-9.27536121332931
2001-12-02,50.11891283623216,-1.2216789601263474,-15.859796703471044,-7.036760590204317
2001-12-03,48.08874779809752,-1.9708512256968809,-15.723766360519727,-6.123209230530348
2001-12-04,47.71973616693633,-0.9896907059261206,-15.865541934511585,-5.628574164340164
2001-12-05,48.98293967593601,-1.2561065159469662,-17.79470992976201,-6.000518453672879
2001-12-06,51.24094171569825,-2.459561131216426,-16.917401556921675,-6.485567872988671
2001-12-07,51.214355018453325,-1.1741937952000099,-17.404503738841466,-5.906060923773902
2001-12-08,51.900618206376826,-1.2275213424434042,-18.873661111975007,-4.08362864581674
2001-12-09,53.48400541094448,-1.3498199110592666,-18.77630620970235,-4.422591267211723
2001-12-10,52.34758295750312,-0.9412816313596757,-18.513918821853736,-4.362972693476658
2001-12-11,50.89797699613153,-0.8126561107743863,-18.640819020472048,-4.7166290026137485
2001-12-12,52.271735551151885,-0.9157497672513848,-18.431317961679525,-4.943233895093568
2001-12-13,51.555781971855275,-0.39310003675920546,-19.627206137343748,-4.746975745169174
2001-12-14,52.10175411888226,-0.4074536592090322,-21.669427300611662,-4.034969682524345
2001-12-15,52.341522704910254,-1.3845788308583051,-21.10221965555062,-2.607020886894781
2001-12-16,51.46264353056927,-0.8430056159862239,-20.024224812674486,-4.682503032123672
2001-12-17,50.21841827204967,-0.18292188436281043,-19.61078125594949,-4.0679787526752245
2001-12-18,51.16932485961208,-0.7818861230545153,-19.361812016210006,-3.106625121683032
2001-12-19,49.60584674934088,-2.167401353120018,-19.027593463422587,-2.897982135574232
2001-12-20,49.968237046534966,-0.41015260843801205,-19.271327522384425,-1.0254188991040216
2001-12-21,50.849156107111405,-1.5645669304619791,-20.44632102715665,1.3989550501700552
2001-12-22,50.90537271180331,0.20403873786805882,-20.837541921519847,1.873703609894828
2001-12-23,50.906446127857336,0.5966080194206962,-19.167327189087395,2.216117673778482
2001-12-24,51.64432077835864,2.490931373326169,-18.427482974760512,3.991058444315187
2001-12-25,53.297653535943944,1.4237138820932393,-18.326203865723656,1.6178844432538422
2001-12-26,54.44457659681674,1.4083208371714353,-18.45183014095772,2.3089742823268007
2001-12-27,54.902049367816666,1.1399626309355706,-20.052740057282236,2.6847274445089555
2001-12-28,54.54009313850875,0.7040078201836371,-17.92863257464761,1.6575730085649734
2001-12-29,54.437062591473605,1.1230578223659404,-16.124960480189884,2.9588989091705358
2001-12-30,55.0126005526861,2.2522597996878404,-14.845861802767828,4.475671259747945
2001-12-31,55.74214564119086,1.8177195989450066,-15.04476824232528,5.155441203673667
2002-01-01,56.380223687828824,1.626851807360809,-15.483880151113516,5.395453865744209
2002-01-02,56.87421937276754,2.388844805408513,-15.670830376551232,5.572765763798819
2002-01-03,57.149846477880516,1.310372697364624,-16.398883515751507,5.486491748826179
2002-01-04,57.70641165332639,2.84544246861444,-16.05014679135379,7.194994391877146
2002-01-05,57.06212617246182,2.7376424431067568,-17.016049418291843,8.32678752504631
2002-01-06,56.7604249828553,3.0583495523376327,-17.870506845909183,9.067045515146502
2002-01-07,57.8428533254855,4.458085724499226,-18.060987845491248,9.23579776882993
2002-01-08,57.25033359212457,5.432552413986435,-17.266378774830926,8.095792736073383
2002-01-09,56.886093178016104,5.7526678944282645,-18.6823693461492,7.7491881610954465
2002-01-10,55.68074937401043,5.0633769246590585,-16.94468306812463,9.285464695677582
2002-01-11,55.91717175897355,4.089429790491453,-15.87946760571694,10.234939686425589
2002-01-12,55.36672628973985,2.8001147080738074,-15.575561137752914,10.376175596553914
2002-01-13,56.5047257015536,0.5875246859180407,-15.03502324342823,11.743971802831261
2002-01-14,55.84151413783172,-0.18582039772240533,-15.283929215629472,11.724651734268127
2002-01-15,56.361414248997754,-0.4465771627784437,-16.751858242035283,9.934447728864946
2002-01-16,56.84484714221831,-0.09888975882851164,-16.020027334581382,12.220663377890038
2002-01-17,56.74385491465732,-0.1672177021497106,-16.831937430165958,11.843652337533605
2002-01-18,58.09980214739192,-1.452354158976281,-17.15885339739586,9.876609939718033
2002-01-19,59.18333183274028,-0.583728556522131,-16.048617763495525,9.774005977494095
2002-01-20,58.97263712901233,-3.371490066654278,-15.927640696572693,9.047533731153255
2002-01-21,59.560582837043185,-3.859061004368532,-15.841777500992174,7.9198116278582065
2002-01-22,59.261191134329316,-4.4265266562304415,-15.713396947820746,7.888934813366066
2002-01-23,57.87419982785612,-3.712128546715631,-15.358452759759816,8.738732223277418
2002-01-24,58.62430411303676,-4.92096935619662,-14.808700720682635,8.387244029964474
2002-01-25,56.14193592378628,-6.0874918323087,-14.435050977046044,7.834969775827625
2002-01-26,56.089503486093335,-6.5660116092395695,-15.029543779245182,6.8079398788981065
2002-01-27,57.71746721595145,-7.712146226403047,-13.610277729783157,7.1058178307308815
2002-01-28,56.785093539686876,-8.09366623335638,-14.74615751533865,5.197038426721371
2002-01-29,56.879585215128,-6.80801916440975,-15.36412303182901,6.1821467015555
2002-01-30,56.831882414048366,-5.882944788039141,-15.913198078600328,5.725191190518986
2002-01-31,57.0362664723451,-6.743697773712622,-16.028640250307962,5.686964442246968
2002-02-01,59.434997608964295,-8.504561979930116,-17.189008848497426,5.889577415758623
2002-02-02,58.43776113172177,-8.695899254139134,-15.571407580132975,6.184918108723962
2002-02-03,58.42218888754442,-7.186389340023744,-15.944167682736731,5.897231934188618
2002-02-04,59.302174722038814,-7.562467629629304,-16.216781853431637,6.151412040985323
2002-02-05,59.23553371525352,-6.400733125663442,-15.361672460396827,5.5450867947231
2002-02-06,58.76533921504741,-7.732159456142911,-15.4584546481062,5.172916428505268
2002-02-07,59.05327707762359,-7.766950149787179,-16.04141348836231,6.089121531438662
2002-02-08,59.84424516982939,-7.738343794394497,-16.79620430669295,7.587593309748742
2002-02-09,60.252786688891725,-7.604290913149695,-18.238996418961392,8.50742361580467
2002-02-10,60.737539488582094,-7.341323665003168,-18.457890387904616,8.731266655084607
2002-02-11,59.8896936286691,-7.635360754184984,-18.484034479108328,8.9206902443538
2002-02-12,60.62026584460255,-8.827856634647375,-18.918252850399163,10.483792566372749
2002-02-13,60.940815484146285,-10.07553501414932,-20.2917672415046,10.31127649179165
2002-02-14,61.612364633233085,-11.612285141151853,-22.641323317777488,11.183167580976685
2002-02-15,62.64792736503645,-10.894562143783759,-23.229170407455904,10.686682064241298
2002-02-16,63.571872173273384,-11.402048806692015,-25.47158755013549,10.706708942472693
2002-02-17,63.350777340291756,-10.32936574061915,-25.40060870106241,11.82263171217156
2002-02-18,62.59451431425321,-8.578068025042107,-26.685333478422006,13.533346666627445
2002-02-19,62.89715492702457,-7.613249744705754,-27.69061725913652,14.433507672161383
2002-02-20,61.984808252297675,-8.295079329870353,-28.00103447309174,15.232861517323121
2002-02-21,62.48287980014244,-8.717310025633376,-28.10375438050472,14.876963680058026
2002-02-22,62.21306681359904,-8.878391687311467,-29.983481273213474,14.298072760607754
2002-02-23,61.89768023616585,-8.92536655416497,-28.780769155791273,14.069265024011594
2002-02-24,61.8817672325231,-12.030400459460079,-28.817851494874137,14.939543642442272
2002-02-25,61.70684838338742,-10.668730022174971,-26.790690691026604,15.155845722250085
2002-02-26,60.192475995791106,-11.35418033590767,-27.215742647683633,15.583850164963453
2002-02-27,62.057519586137964,-12.289701591877245,-26.371478427810317,17.57417492052071
2002-02-28,60.23308180489782,-13.191073487355194,-27.470915725680555,17.820390939851297
2002-03-01,60.557209324791565,-12.231448386312442,-26.3972196025332,17.859395514691467
2002-03-02,61.14159001613221,-12.210264309200602,-27.350238234811517,15.076364105304402
2002-03-03,61.47584894786183,-14.179209031346245,-27.336561626993653,15.37950935929476
2002-03-04,60.36765107495087,-14.976463514904529,-28.102496567496488,17.299363766751952
2002-03-05,61.156591385412376,-15.215393536774496,-28.75703456923637,16.7579798551155
2002-03-06,60.86650053405689,-16.36757350484489,-28.595188183458202,16.90889648093034
2002-03-07,58.16662960977159,-13.932299159816427,-28.942766454418464,16.90364401580771
2002-03-08,58.32495356405667,-13.78981584265466,-29.15265640057682,16.766910876014634
2002-03-09,58.597828809095915,-13.51906139702789,-29.194207508491633,16.814229013701084
2002-03-10,59.08984183201633,-14.706837480412865,-30.697132818735387,16.83861785889676
2002-03-11,59.68296196792576,-15.31724600260595,-30.343854062382626,17.31723951867384
2002-03-12,59.65538524701101,-15.456678740256889,-29.593985337862268,16.04322188221565
2002-03-13,61.09894531214358,-15.124972058914024,-29.752552344328233,16.175491791618075
2002-03-14,62.2239133236655,-13.61627202650408,-30.898565021831324,17.38845325041496
2002-03-15,62.197116707948545,-12.962700421723868,-30.94283395799172,17.351131061434987
2002-03-16,63.663866114650446,-16.64177823553607,-30.87530756444567,16.654720937744308
2002-03-17,64.83373081253704,-16.104182270909604,-31.72871248025167,15.950228003236289
2002-03-18,65.71298470448926,-16.132444451741286,-32.00498210366356,15.93460855830332
2002-03-19,64.56359162441188,-17.064566571979597,-30.201689931342955,15.582707856995322
2002-03-20,63.509802959138646,-16.974953226577835,-30.01932186472959,16.344282789265964
2002-03-21,62.641507551197684,-16.421718559328706,-28.06808170304485,16.760865731174704
2002-03-22,63.307354887645644,-15.856543106734769,-27.63324808138518,15.486174199931135
2002-03-23,64.3660578050292,-15.678810469391266,-29.188409792486645,15.560548448384305
2002-03-24,64.4145065336592,-15.141338328301947,-29.39112097791406,14.977912747396928
2002-03-25,63.47974425180459,-15.844990243972386,-29.15286351862445,13.392131651744698
2002-03-26,64.01322065379267,-15.833027103807439,-27.967459040047153,13.669144514865804
2002-03-27,64.89259560351714,-16.148177754468122,-27.94109211962723,13.808619588222259
2002-03-28,64.79282988522351,-15.785440895880301,-28.520553385876454,12.645314307624282
2002-03-29,66.94404705565394,-16.14621246731848,-28.914619582513723,13.135932537253018
2002-03-30,67.13494530238235,-18.060155963496037,-28.36216085850276,13.565872653063007
2002-03-31,67.27714424395688,-18.75263028899156,-27.944524972872593,12.691825660010656
2002-04-01,68.13387795944641,-18.95453308417814,-27.478567494102755,11.828345473143225
2002-04-02,67.77963131800449,-18.710435307044293,-28.145910288766224,11.84795262647363
2002-04-03,67.49974812721295,-17.573414362432423,-29.49899467366225,11.47124534941886
2002-04-04,68.05522373610287,-16.946590374277914,-31.941854867782308,9.510624790698735
2002-04-05,67.9930981095375,-16.324322037793777,-31.400416814249066,8.744098531248314
2002-04-06,67.30561856077189,-17.707267107317445,-31.420049398314053,8.514045814668325
2002-04-07,66.54283658672968,-16.93338222916651,-30.067474860795983,7.239766625850763
2002-04-08,68.00601103948347,-18.849363751649236,-29.330488693915136,8.841672347667657
2002-04-09,67.6591721069847,-17.888058901062404,-29.803922730593108,8.883914747099409
2002-04-10,66.03499374415645,-18.522399484260806,-29.66472101048423,8.16040537696756
2002-04-11,66.11264744844519,-20.452738136788586,-30.262566746344874,9.415379642082534
2002-04-12,65.37104747003406,-19.284880250578887,-30.687166867474406,10.693962334547525
2002-04-13,65.46435699929548,-19.45142973544686,-30.44462550439113,9.60597186362605
2002-04-14,64.80875846416026,-18.426994027528252,-31.09891280889141,9.830674467854223
2002-04-15,64.65545149464333,-17.331288200511878,-31.45617008094555,9.339600668323982
2002-04-16,66.30024656228454,-17.00918059993421,-32.309112019069524,8.920403221474633
2002-04-17,66.4051624758183,-16.701225314526233,-31.830343940771737,10.634768176357456
2002-04-18,65.66717892628334,-16.909192451219642,-33.7311150067804,10.742280606441218
2002-04-19,66.1311381556791,-16.750042150658015,-32.70390586127899,9.9211051022373
2002-04-20,66.31725190776473,-16.97748174717558,-30.687184145868812,11.308868354744877
2002-04-21,66.60917535922408,-15.387935717404854,-31.222305459982895,11.158415114747422
2002-04-22,66.03764691577994,-16.170566996709205,-31.987250740116707,8.548045763443177
2002-04-23,66.16181457441509,-17.352371900889437,-34.33100484920259,8.500929944850116
2002-04-24,65.83111949436588,-17.148944785463517,-33.55025620896596,8.072874628199722
2002-04-25,67.29307375200365,-18.296952373974236,-35.4216223309876,7.417042886503657
2002-04-26,69.57198269260452,-19.158308665632667,-38.19200280980529,7.824659869761638
2002-04-27,70.10517172248706,-18.68181384916854,-37.431330050255,9.454204107174247
2002-04-28,70.78302783394699,-19.963572913254954,-41.05400320790009,9.635837953454363
2002-04-29,71.78744525245891,-19.553787013150917,-42.392853905947625,9.37665137219624
2002-04-30,70.70455698014501,-17.908532123630625,-40.789869232114086,8.445331317546126
2002-05-01,70.7375115780231,-19.278805464684474,-41.20384324620996,8.094664969729571
2002-05-02,69.71637733903498,-18.670700848995548,-40.084347118100894,9.86847404133868
2002-05-03,69.36995218151641,-20.066001886353963,-41.263982991950016,9.810897054586121
2002-05-04,69.43395020995314,-19.980240597056035,-40.46872680960517,10.17681200866534
2002-05-05,70.84374234826527,-19.692829244504583,-39.86462687538971,9.792402019105984
2002-05-06,69.53897151258309,-19.7190523808975,-38.87759611549137,7.527889023936063
2002-05-07,70.56539665111335,-20.987552755744073,-39.048638396754335,6.388063778675049
2002-05-08,70.37716627071788,-21.454072787722843,-39.13221393882402,7.018616642687807
2002-05-09,71.13994751401312,-22.28465294706472,-37.7900908920939,6.645204885531222
2002-05-10,70.92243550534968,-22.53622467109585,-37.36849141054443,7.130196694577334
2002-05-11,70.36793457341555,-22.74810309716186,-36.26690192147408,5.260970869248178
2002-05-12,70.55597110565076,-22.550313468811026,-34.37710945930099,5.7703773358156445
2002-05-13,71.32276443891966,-22.243908317161356,-34.89587701393929,5.376725796276376
2002-05-14,69.96049948515666,-20.189785894912536,-36.095718544698514,5.076388785058464
2002-05-15,69.85537478879118,-19.729267415304484,-37.64358944096325,4.080188622729953
2002-05-16,70.31095450611507,-20.97851604072756,-37.22936990712744,4.347706831217799
2002-05-17,70.66110918433563,-21.107089368937903,-37.089220074425214,4.831517238734097
2002-05-18,72.33057453757867,-21.187683141601273,-35.44031079435939,3.7687762345892084
2002-05-19,75.69556041916948,-19.440332521655822,-35.508898277834454,3.0168203354360497
2002-05-20,75.56558029469299,-18.58846647222198,-35.87890405450819,4.520370958064823
2002-05-21,76.50548685711965,-18.65930210341156,-36.78339402719246,4.8439952294205755
2002-05-22,76.20103716413647,-17.309479370138934,-37.42337765857082,6.108436538795065
2002-05-23,76.13394962679502,-16.422272712374284,-37.55725353159079,7.4611654260580345
2002-05-24,76.98775526244538,-15.517675764360824,-38.943489877269826,7.632332441604906
2002-05-25,75.07877013232762,-14.074301272377648,-36.73963298681049,9.095840745674549
2002-05-26,73.98928685640584,-14.696363511946227,-36.42531372466592,9.596307257223383
2002-05-27,74.2851271791779,-14.3984963461367,-35.94929073248929,8.372820142162215
2002-05-28,73.35622332193357,-15.860345590121817,-33.80669243951696,6.383366135765388
2002-05-29,73.84349404205652,-16.758081314111877,-34.44145532283934,5.902328797558772
2002-05-30,72.84536645982197,-16.425507985406014,-34.475200536333425,6.027099850658548
2002-05-31,74.90966716759155,-16.909851108550452,-33.92875406355741,8.575542862733705
2002-06-01,76.13386722940106,-17.529806294918387,-32.84666264522474,8.178729504267011
2002-06-02,75.87876447049555,-15.896618508248586,-32.61884200157311,7.265080633067184
2002-06-03,75.87721340649031,-14.742320561826974,-31.16006243214417,6.412919183314001
2002-06-04,75.14090084089395,-15.092875202249092,-31.021887133301455,6.945280448895509
2002-06-05,74.96879775872155,-15.34585950235774,-29.42565655185699,8.095822481482292
2002-06-06,77.20963089966527,-17.38881546852763,-29.787726106343353,8.888878281444576
2002-06-07,76.94242560872823,-16.412583519973573,-28.651084213388312,7.793049024839921
2002-06-08,75.782215676813,-15.930142209740238,-27.149007641678313,6.476039931111387
2002-06-09,76.48014091963559,-15.946100166616288,-26.52446883416534,7.229912216745895
2002-06-10,77.15106697904359,-15.433673655402346,-26.549425985729318,8.487585413722673
2002-06-11,76.30809442312203,-16.27049938015453,-25.998235318611908,8.515912482990753
2002-06-12,75.68142431093479,-15.060836404574214,-26.600049783804398,6.835973112008441
2002-06-13,76.08589527699017,-15.8294663558303,-26.278998191579472,7.670321021362149
2002-06-14,76.1118333905868,-15.121243454885246,-26.62998065054521,6.579203835824463
2002-06-15,77.13204930194985,-14.197164168911977,-24.501357320899842,6.09858538044203
2002-06-16,76.49522424205193,-14.395714157258071,-24.55091793649065,7.911037212803923
2002-06-17,75.9979766966321,-14.078925943538746,-22.65122999158884,6.574928019888831
2002-06-18,75.51435217785081,-14.893965085843716,-22.776441224629497,8.429591572551848
2002-06-19,75.02944057267315,-15.358431133487601,-23.29905834704766,7.966884445137227
2002-06-20,75.9707322538522,-15.348012690466794,-22.82040016335445,8.790955985175444
2002-06-21,75.99789776210157,-14.269104529794445,-22.69889030559969,7.940610896199537
2002-06-22,76.38543638813528,-13.28023912790349,-22.75913733148713,7.556710732855417
2002-06-23,76.43371365835323,-12.002043101581044,-21.881155919150796,7.012777087785253
2002-06-24,76.21771339659345,-11.80702590921852,-22.091322183188243,6.085068750095874
2002-06-25,77.84115597555554,-13.062565525576879,-21.57581819914061,5.944828779834117
2002-06-26,76.47830326163219,-12.047799849916846,-22.6707718723377,6.168318882012165
2002-06-27,75.62902242994352,-11.794178979852662,-22.255158356142204,6.681676955862373
2002-06-28,74.61051820696265,-12.235707462056839,-22.109933651785486,5.8748457642686605
2002-06-29,75.54972537519743,-12.182335397647533,-22.4777135364263,4.231158752021472
2002-06-30,76.18377309218286,-11.518411987017782,-20.830638536875078,2.9451693457320474
2002-07-01,75.2524509112081,-11.04861521033106,-21.893735237773615,2.8483333450700026
2002-07-02,74.27948846428208,-9.86393245410517,-23.232501665263083,3.447532685478551
2002-07-03,76.73024987456948,-9.859406790860064,-21.538949041962752,3.2038371873834537
2002-07-04,79.53756042475585,-9.048609892914529,-22.726908194874156,4.295203089124161
2002-07-05,79.24798432103577,-9.79514811375511,-23.78560243666603,3.172681577781832
2002-07-06,80.11103560698352,-10.607223479933227,-22.39034692901338,3.065292650441983
2002-07-07,78.6234811146132,-10.15032131785219,-22.265193564836867,3.965932119575725
2002-07-08,77.42961139306368,-11.955374138399725,-21.74687987911612,5.028668960792173
2002-07-09,77.9975981644818,-13.30747014689525,-21.13792389748436,3.507388150982126
2002-07-10,77.08801597621984,-12.34745317406006,-22.212579667477446,2.669903514049878
2002-07-11,74.31442349434792,-13.485735556928587,-21.021092300908485,2.31474868666951
2002-07-12,75.12712258762797,-12.36654895396981,-21.302352868315968,2.5215966209662395
2002-07-13,75.37468158678176,-12.45271869628106,-19.64762551875187,2.5330468924935325
2002-07-14,75.68564953667018,-11.939415178517185,-19.449598671959258,0.715358517270354
2002-07-15,76.0636636542305,-11.69851685581832,-20.936117902198628,-0.10836078555341488
2002-07-16,76.51563724721909,-14.022501402733692,-20.11012613307615,-0.12462852572983278
2002-07-17,75.67208807861209,-15.437040006469655,-21.49221549959378,0.2827667281084996
2002-07-18,74.78940759450029,-15.120834617166025,-21.44320669398419,-0.5181603147006033
2002-07-19,74.61095402921967,-15.609080272098618,-23.65863969569768,0.6165570239464462
2002-07-20,75.15921058543903,-16.21370393805018,-22.350303928309803,0.9746521175011913
2002-07-21,75.46506580427447,-15.883640097578816,-23.527037508024083,1.5657133868718804
2002-07-22,76.84204435945519,-14.33387159313306,-24.02072346635545,1.467085895970032
2002-07-23,77.16744920525628,-13.303906305100101,-25.00070542136054,2.349093197970022
2002-07-24,77.6520406486156,-13.394991565524082,-24.957129284541367,3.51619684186313
2002-07-25,77.2513623924071,-13.283191083901986,-24.445080653160044,3.6859911050721346
2002-07-26,77.22836510829738,-14.9404046338813,-25.575383413042324,2.0797614907765682
2002-07-27,78.20986544291598,-15.796618168831943,-25.782813066685158,2.015048720251592
2002-07-28,76.80913006085804,-15.434940582786544,-25.9237929511515,1.705767701484568
2002-07-29,77.87209553524191,-14.713304557938933,-24.461733243449817,0.5169957028072911
2002-07-30,77.04090463082387,-16.595332037374735,-25.83467071916374,1.3177887327279
2002-07-31,78.752156833133,-16.009046016045428,-24.82099261554829,0.7669888868008298
2002-08-01,79.55267774908776,-14.50618927932867,-25.35325619432696,0.5887148044513058
2002-08-02,80.58157082316026,-15.15533030751681,-24.976785575615008,-0.4842285965521702
2002-08-03,80.35614988857897,-17.01466487242292,-24.288675887764494,0.47437813464391065
2002-08-04,80.95345669372539,-16.270648748038628,-26.66577142608046,-0.4418139105918659
2002-08-05,82.76434779197508,-15.35121633970769,-25.72699270468768,0.2736070708512113
2002-08-06,83.43288277473775,-16.860474310941246,-26.059098991606824,1.3562386214285338
2002-08-07,82.73071716766584,-17.440449760288015,-25.247433609217378,0.44484259049602404
2002-08-08,82.32562997999712,-16.846451720415434,-26.106903470569126,0.11359254810010844
2002-08-09,82.26387911344867,-17.79987628449255,-26.320160861142295,-0.3756425403051915
2002-08-10,82.48383703513443,-18.804746939669787,-27.172546905531142,-0.523800057818816
2002-08-11,81.2704862617447,-19.729689103504107,-24.86678232460146,-2.1258014024422147
2002-08-12,80.61097809127666,-20.457760481007647,-26.66723979846128,-2.130138183314295
2002-08-13,80.08328696105882,-21.095845027301586,-27.259537995907596,-2.307023919630328
2002-08-14,80.85663550037889,-20.142354864198865,-27.169105067440686,-0.6910867603964692
2002-08-15,82.57120743736321,-19.80853361397198,-27.364183424382855,0.378914761171246
2002-08-16,82.24837579700304,-18.405566007861246,-28.226243006817946,0.7656350814747461
2002-08-17,82.5195988695059,-19.05213133201673,-26.872475391132067,0.03639534183619819
2002-08-18,83.530041510339,-18.862926643067787,-28.081415943693855,0.12923957147042686
2002-08-19,84.60130179153535,-17.67550256966075,-28.117600390485816,1.8297447131063809
2002-08-20,84.53177354564377,-17.405786759266288,-28.166858880513292,1.5567671023402694
2002-08-21,84.22757679186732,-18.51297296453324,-28.803329949514854,1.9337718022575192
2002-08-22,84.21979688371054,-17.925666585266736,-27.06933599976892,1.9298117714482277
2002-08-23,84.54161020159657,-18.345993639355715,-27.076087222677163,0.9647849735611678
2002-08-24,85.48754004484388,-19.112129687104872,-26.97761297621951,1.6303385816608222
2002-08-25,86.61876425113944,-18.612586823392583,-24.547652880571103,0.11712017203467595
2002-08-26,84.25802566962764,-18.31432453925337,-26.744841779850503,0.5366666819283834
2002-08-27,85.87945401049511,-18.73017265614952,-25.574023961122442,2.1007651572184214
2002-08-28,86.2909050096457,-17.27330070930601,-25.18750424928579,3.9969739990376443
2002-08-29,85.90220167007915,-18.500418197563633,-24.353070453133892,3.8450419147434625
2002-08-30,86.19655987376561,-17.96925955496868,-24.71511412364803,2.8265786834610083
2002-08-31,87.75646071127463,-19.10688763996646,-23.6999125001844,3.85097385633596
2002-09-01,88.6627528397146,-17.88161578491688,-23.936593090882692,2.658966489507555
2002-09-02,88.8513145204901,-17.573333483037146,-23.570796509489305,2.0490118352683093
2002-09-03,87.29688053843832,-16.536485420670385,-24.352640930366956,1.9712310239960051
2002-09-04,88.78244134271769,-16.06918004796005,-23.5703261910864,2.3768234412743743
2002-09-05,88.43712264297011,-15.658544441695755,-22.38920428192204,1.9685666864450218
2002-09-06,85.71356377977352,-14.889387391241886,-23.9947092626553,1.7955237773668782
2002-09-07,85.31260792338277,-16.19574255075704,-23.249076432429888,2.8729498686245556
2002-09-08,86.15843420174615,-15.560712979556879,-24.711886934399633,3.403865985950839
2002-09-09,85.70820902311208,-16.144077630005274,-24.243407476009917,2.773861713630831
2002-09-10,84.6772382527314,-16.011229848499838,-22.802020086762486,2.9706327613562586
2002-09-11,83.38967690398907,-15.56186046282262,-22.52390436971144,2.791453862581746
2002-09-12,85.28261742187202,-15.186894941093668,-22.911267427057613,5.06055388073224
2002-09-13,84.23148471602687,-16.11774467902817,-24.272166371915255,4.5022189367835885
2002-09-14,82.87884483249908,-16.49872528884915,-24.47390299383908,5.400245898253806
2002-09-15,83.96987285933278,-14.679382302166914,-23.477265873597368,7.336168860595222
2002-09-16,84.90607386633819,-15.030982851193642,-22.46550911773681,7.518225543123633
2002-09-17,85.69230830363126,-14.050752386570107,-22.74776174624255,7.059345118168878
2002-09-18,84.81204258603086,-13.618403809065374,-22.16882262275603,8.3305173154363
2002-09-19,86.38808008068767,-13.22460944308833,-21.807252702348034,8.653139002306519
2002-09-20,88.13907044619346,-14.2785054382907,-21.511353757735858,9.06395290870577
2002-09-21,86.89488150587147,-15.48067542292507,-23.076038692141214,8.932876624600842
2002-09-22,85.96820079212142,-15.601503299898766,-23.915108371169886,8.016085685015653
2002-09-23,87.54263057624811,-16.480074309730878,-23.694456601849527,9.685344477254873
2002-09-24,89.82448808923789,-17.187564183465526,-23.51010952130527,9.785168911723947
2002-09-25,89.31785401452002,-17.16598011325944,-23.174473755225176,8.961888487987794
2002-09-26,89.66971349614144,-16.99142667718433,-22.131508951396114,9.805032920922736
